{"cameraMode":{"drawMode":0,"name":"Shaded","section":"Shading Mode"},"sceneLighting":false,"audioPlay":false,"sceneViewState":{"showFog":true,"showMaterialUpdate":false,"showSkybox":true,"showFlares":true,"showImageEffects":true,"showParticleSystems":true},"in2DMode":false,"pivot":{"x":2.007999897003174,"y":0.0,"z":5.800000190734863},"rotation":{"x":0.026684144511818887,"y":-0.014395710080862046,"z":-0.000384360842872411,"w":-0.9995402097702026},"size":0.5715765357017517,"orthographic":false}