{"cameraMode":{"drawMode":0,"name":"Shaded","section":"Shading Mode"},"sceneLighting":false,"audioPlay":false,"sceneViewState":{"showFog":true,"showMaterialUpdate":false,"showSkybox":true,"showFlares":true,"showImageEffects":true,"showParticleSystems":true},"in2DMode":false,"pivot":{"x":2.3243765830993654,"y":2.1818848949806125e-7,"z":5.733033180236816},"rotation":{"x":0.026684144511818887,"y":-0.014395710080862046,"z":-0.000384360842872411,"w":-0.9995402097702026},"size":3.508331298828125,"orthographic":false}